country_id,country_name,country_code
1,China,CN
2,North Korea,KP
3,Peru,PE
4,Japan,JP
5,Libya,LY
6,Mexico,MX
7,Russia,RU
8,Portugal,PT
9,Nigeria,NG
10,Panama,PA
11,Colombia,CO
12,Germany,DE
13,Indonesia,ID
14,Armenia,AM
15,Czech Republic,CZ
16,Canada,CA
17,Ukraine,UA
18,Azerbaijan,AZ
19,Brazil,BR
20,Belarus,BY
21,Honduras,HN
22,Kazakhstan,KZ
23,Thailand,TH
24,Zambia,ZM
25,Togo,TG
26,Sweden,SE
27,France,FR
28,Vietnam,VN
29,Uganda,UG
30,Estonia,EE
31,Philippines,PH
32,Botswana,BW
33,Croatia,HR
34,Wallis and Futuna,WF
35,Dominican Republic,DO
36,Argentina,AR
37,Ethiopia,ET
38,Poland,PL
39,Costa Rica,CR
40,South Africa,ZA
41,Ghana,GH
42,Trinidad and Tobago,TT
43,Yemen,YE
44,Greece,GR
45,Tunisia,TN
46,Bangladesh,BD
47,Syria,SY
48,United States,US
49,Micronesia,FM
50,Pakistan,PK
51,Kosovo,XK
52,Nepal,NP
53,Democratic Republic of the Congo,CD
54,Albania,AL
55,Luxembourg,LU
56,Mongolia,MN
57,Uruguay,UY
58,Mauritius,MU
59,Venezuela,VE
60,Afghanistan,AF
61,South Korea,KR
62,Senegal,SN
63,Saint Lucia,LC
64,Guatemala,GT
65,Palestinian Territory,PS
66,Mozambique,MZ
67,Namibia,nan
68,Moldova,MD
69,Nicaragua,NI
70,Madagascar,MG
71,Finland,FI
72,Austria,AT
73,Gambia,GM
74,Slovenia,SI
75,Ivory Coast,CI
76,Norway,NO
77,Egypt,EG
78,Iran,IR
79,Jamaica,JM
80,Zimbabwe,ZW
81,Pitcairn,PN
82,Serbia,RS
83,Uzbekistan,UZ
84,Latvia,LV
85,Bosnia and Herzegovina,BA
86,Central African Republic,CF
87,Ireland,IE
88,Ecuador,EC
89,Malaysia,MY
90,Hungary,HU
91,Bermuda,BM
92,Mali,ML
93,Bolivia,BO
94,Reunion,RE
95,Morocco,MA
96,Tanzania,TZ
97,Myanmar,MM
98,Cuba,CU
99,Spain,ES
100,Netherlands,NL
101,Lithuania,LT
102,Jersey,JE
103,Paraguay,PY
104,Kenya,KE
105,Burkina Faso,BF
106,Sri Lanka,LK
107,Georgia,GE
108,Comoros,KM
109,Somalia,SO
110,Malawi,MW
111,Italy,IT
112,Chile,CL
113,Montenegro,ME
114,Maldives,MV
115,Saint Barthelemy,BL
116,Macedonia,MK
117,Israel,IL
118,Kyrgyzstan,KG
119,Saudi Arabia,SA
120,Samoa,WS
121,Cameroon,CM
122,New Zealand,NZ
123,Bahrain,BH
